episode,episode_step,total_reward,mean_reward,loss,mse,mae,mean_q
1,750,459.83752178661047,0.6131166957154807,0.02061335304821306, 0.5237994038163406,0.5828510524858802,1.0251028122574455
2,547,454.50297071104103,0.8309012261627807,0.006326132453978062, 1.1270511150360107,0.8906643390655518,1.4014531373977661
