total_reward,mean_reward
721.3314273191958,0.9617752364255944
543.6007177297851,0.9937855899996071
774.6861752827648,0.9893820884837353
632.6104230063972,0.9946704764251529
587.3997851968215,0.9939082659844696
